{
    "accuracy": 0.765625,
    "precision": 0.6946902654867256,
    "recall": 0.585820895522388,
    "f1_score": 0.6356275303643725
}